<?xml version="1.0" encoding="UTF-8"?>
<jcr:root xmlns:cq="http://www.day.com/jcr/cq/1.0" xmlns:jcr="http://www.jcp.org/jcr/1.0" xmlns:nt="http://www.jcp.org/jcr/nt/1.0"
    jcr:primaryType="cq:Dialog"
    title="Multi Field"
    width="800"
    xtype="dialog">
    <items
        jcr:primaryType="cq:Widget"
        xtype="tabpanel">
        <items jcr:primaryType="cq:WidgetCollection">
            <tab1
                jcr:primaryType="cq:Panel"
                title="Add">
                <items jcr:primaryType="cq:WidgetCollection">
                    <products
                        jcr:primaryType="cq:Widget"
                        fieldLabel="Products"
                        name="./products"
                        xtype="multifield">
                        <fieldConfig
                            jcr:primaryType="cq:Widget"
                            border="true"
                            hideLabel="true"
                            layout="form"
                            xtype="multi-field-panel">
                            <items jcr:primaryType="cq:WidgetCollection">
                                <product
                                    jcr:primaryType="cq:Widget"
                                    dName="product"
                                    fieldDescription="Name of Product"
                                    fieldLabel="Product"
                                    name="./product"
                                    width="400"
                                    xtype="textfield"/>
                                <title
                                    jcr:primaryType="cq:Widget"
                                    dName="title"
                                    fieldLabel="Title Type"
                                    name="./title"
                                    type="select"
                                    xtype="selection">
                                    <options jcr:primaryType="cq:WidgetCollection">
                                        <h1
                                            jcr:primaryType="nt:unstructured"
                                            text="H1"
                                            value="h1"/>
                                        <h2
                                            jcr:primaryType="nt:unstructured"
                                            text="H2"
                                            value="h2"/>
                                    </options>
                                </title>
                            </items>
                        </fieldConfig>
                    </products>
                </items>
            </tab1>
        </items>
    </items>
</jcr:root>
